[{"model": "apis.api", "pk": 1, "fields": {"api_name": "\uc11c\uc6b8\uc2dc 50\ud50c\ub7ec\uc2a4\ud3ec\ud138 \uad50\uc721\uc815\ubcf4", "api_url": "http://openapi.seoul.go.kr:8088/sample/xml/FiftyPotalEduInfo/1/1/", "latest_modified_date": "2020-06-09", "copyright": "\uc11c\uc6b8\ud2b9\ubcc4\uc2dc", "copyright_range": "\uc800\uc791\uad8c\uc790\ud45c\uc2dc(BY) : \uc774\uc6a9\uc774\ub098 \ubcc0\uacbd \ubc0f 2\ucc28\uc801 \uc800\uc791\ubb3c\uc758 \uc791\uc131\uc744 \ud3ec\ud568\ud55c \uc790\uc720\uc774\uc6a9\uc744 \ud5c8\ub77d\ud569\ub2c8\ub2e4.", "api_file": "tata.jpg", "download_users": [2]}}, {"model": "apis.api", "pk": 2, "fields": {"api_name": "\uc2a4\ub9c8\ud2b8\uc11c\uc6b8 \ub3c4\uc2dc\ub370\uc774\ud130 \uc13c\uc11c(S-DoT) \ubc29\ubb38\uc790\uc218 \uce21\uc815 \uc815\ubcf4", "api_url": "http://openapi.seoul.go.kr:8088/sample/xml/IotVdata018/1/1/", "latest_modified_date": "2020-04-20", "copyright": "\uc11c\uc6b8\ud2b9\ubcc4\uc2dc", "copyright_range": "\uc800\uc791\uad8c\uc790\ud45c\uc2dc", "api_file": "/media/api2.json", "download_users": []}}, {"model": "apis.api", "pk": 3, "fields": {"api_name": "\uc2a4\ub9c8\ud2b8\uc11c\uc6b8 \ub3c4\uc2dc\ub370\uc774\ud130 \uc13c\uc11c(S-DoT) \ud658\uacbd\uc815\ubcf4", "api_url": "http://openapi.seoul.go.kr:8088/sample/xml/IotVdata017/1/1/", "latest_modified_date": "2020-04-20", "copyright": "\uc11c\uc6b8\ud2b9\ubcc4\uc2dc", "copyright_range": "\uc800\uc791\uad8c\uc790\ud45c\uc2dc", "api_file": "/media/api3.json", "download_users": []}}, {"model": "apis.api", "pk": 4, "fields": {"api_name": "IoT \ub3c4\uc2dc\ub370\uc774\ud130 \uc591\ucc9c\uad6c \uc2a4\ub9c8\ud2b8\ubcf4\uc548\ub4f1", "api_url": "http://openapi.seoul.go.kr:8088/sample/xml/IotVdata021/1/1/", "latest_modified_date": "2020-04-20", "copyright": "\uc11c\uc6b8\ud2b9\ubcc4\uc2dc", "copyright_range": "\uc800\uc791\uad8c\uc790\ud45c\uc2dc", "api_file": "/media/api4.json", "download_users": []}}, {"model": "apis.api", "pk": 5, "fields": {"api_name": "IoT \ub3c4\uc2dc\ub370\uc774\ud130 \ub9c8\ud3ec\uad6c \uc911\uc559\ub3c4\uc11c\uad00 \uc774\uc6a9\uac1d \ud328\ud134 \ubd84\uc11d", "api_url": "http://openapi.seoul.go.kr:8088/sample/xml/IotVdata004/1/1/", "latest_modified_date": "2020-04-20", "copyright": "\uc11c\uc6b8\ud2b9\ubcc4\uc2dc", "copyright_range": "\uc800\uc791\uad8c\uc790\ud45c\uc2dc", "api_file": "/media/api5.json", "download_users": []}}]